sample_id,source_id,direct_accuracy,concept_accuracy,pattern_mean_set_size,concept_mean_set_size,n_valid_pattern_pixels,n_valid_explanation_pixels,n_pattern_classes,selection_score
TissueArray__PR633a_E6,PR633a_E6,0.44759297550747007,0.4895078644093247,3.2483909485394764,7.9775517098990205,34337,26639,3,-0.037208371763871415
TissueArray__PR1921b_B11,PR1921b_B11,0.4454704664862283,0.4106185293336873,3.248527304569336,7.986726838332891,37686,37670,3,-0.03526391107011266
TissueArray__PR482a_E2,PR482a_E2,0.5122157386704477,0.5791444144689754,3.222255548890222,8.008286076088751,36674,36326,4,-0.02872831785216845
TissueArray__PR1921b_D2,PR1921b_D2,0.4023957409050577,0.3856460272892961,3.0705646102834727,7.758139993103788,42826,40602,3,0.005264043644205456
TissueArray__PR1001_C1,PR1001_C1,0.5061488673139158,0.2191841397354166,3.122268454307289,7.886980874820356,32445,27137,3,0.013299987989800269
TissueArray__PR1921c_E12,PR1921c_E12,0.45277620250554207,0.5211695462312512,3.1867556838686393,7.723778784344571,38794,36869,2,0.01577085417339621
TissueArray__PR1921c_B7,PR1921c_B7,0.3977679741416965,0.4632764073371284,3.4144098890539007,7.61831752055661,45788,39525,3,0.026442071009327342
TissueArray__PR1001_G10,PR1001_G10,0.5111504131317877,0.6275128434219344,2.7113051648382016,7.387061648425285,36187,35816,3,0.034956973569753885
TissueArray__PR1921c_B5,PR1921c_B5,0.4811522194390835,0.2910386463509795,3.274134603539605,7.665817898065629,48706,48698,2,0.0488012456193551
TissueArray__PR1921c_J7,PR1921c_J7,0.5369204653959048,0.9730294944833057,3.01022032040174,6.859186077257759,56554,41601,3,0.060145556666819186
TissueArray__PR1921c_D11,PR1921c_D11,0.5066125553411284,0.23910205471676693,3.498240435917811,8.004767851061414,35236,35236,2,0.0766375297990691
TissueArray__PR482a_E1,PR482a_E1,0.5635479401702151,0.4444255944807306,3.373455481098199,8.1340797918964,35367,35367,3,0.08116775525207111
TissueArray__PR1921b_H12,PR1921b_H12,0.5769333511419794,0.342681001428464,3.0271136636837186,7.745770994662055,29948,26602,3,0.08310247779608702
TissueArray__PR633a_D3,PR633a_D3,0.3308862406963029,0.4828301218833763,3.4613820311546752,8.147271531886917,49174,39546,3,0.09051447118762244
TissueArray__PR633a_E3,PR633a_E3,0.528743625405656,0.6285890164006508,3.361529059720993,8.024754869630216,47454,22743,2,0.09369988518710004
TissueArray__PR1921c_G3,PR1921c_G3,0.5334149682454028,0.2462122784442323,3.0583620439168153,7.218919928604043,48182,48182,2,0.10137105142999454
TissueArray__PR1001_D3,PR1001_D3,0.39618715382967656,0.7547863294750123,2.5194773401878883,6.271161336332218,32679,18229,2,0.10761052583616355
TissueArray__PR1921b_D6,PR1921b_D6,0.5532758711860821,0.5400031727565967,3.2519697530537783,7.862540320448416,37822,37822,2,0.11610385489926492
TissueArray__PR1001_E3,PR1001_E3,0.3772566479629178,0.922808547754034,2.5033239814588923,4.27874691088821,32792,13758,3,0.1170354545609623
TissueArray__PR1921b_G9,PR1921b_G9,0.34056585738864464,0.4727272727272727,2.925030268272478,7.596631785480707,31386,30580,2,0.12050029617084212
TissueArray__PR1001_C6,PR1001_C6,0.5682606288428476,0.07045278291475272,3.197511437479966,7.962089124858319,34317,33526,2,0.12691930384487982
TissueArray__PR1921b_B12,PR1921b_B12,0.6270504649461917,0.6926392226517605,3.122061435586668,7.929866262668478,38284,38284,3,0.13333559711628878
TissueArray__PR1921c_C11,PR1921c_C11,0.6235973417583615,0.8146309530303857,3.336719686240331,7.927799901805685,36716,36662,3,0.138510131171861
TissueArray__PR1921c_A13,PR1921c_A13,0.5863457201273107,0.908892881203683,3.2360938389224967,7.529553110262745,47443,44530,2,0.15519841147895563
TissueArray__PR1921c_C14,PR1921c_C14,0.3097719408300787,0.2687838413335767,3.1105894732581905,7.3876214232118596,49417,49311,2,0.15689920963601175
TissueArray__PR1921c_E4,PR1921c_E4,0.6071485969592748,0.7671884542444795,3.077432419401498,7.717881135289769,31111,31111,2,0.16588827102953932
TissueArray__PR482a_A8,PR482a_A8,0.3018399367874478,0.04388192798284231,3.4808669150016933,8.11352861496783,35436,35436,2,0.16966531211197652
TissueArray__PR1921c_H14,PR1921c_H14,0.6165202108963093,0.532385365074293,2.59555839590989,6.113244927304681,31295,31295,3,0.17043297651382006
TissueArray__PR1921c_F3,PR1921c_F3,0.6081936215807386,0.6256220222339862,3.4208748266733897,7.96363155108523,39665,37780,2,0.17575598362596961
TissueArray__PR633a_B1,PR633a_B1,0.27675477339131616,0.26866888632194064,2.9987769246449685,7.519942923150099,14717,14717,2,0.18289529115988312
TissueArray__PR1921b_F6,PR1921b_F6,0.6467871252614456,0.7440540217521214,3.0943818266325818,7.708886100155373,34424,33468,2,0.20638467632364135
TissueArray__PR633a_G4,PR633a_G4,0.6882086413597243,0.9303119968669771,3.6766752661131226,8.3111048257256,46127,45962,3,0.22149774851876114
TissueArray__PR1921c_D7,PR1921c_D7,0.6602724869518064,0.9375916669161004,3.3955127770622924,7.738543506240833,44259,33409,2,0.23132212790948142
TissueArray__PR1001_B1,PR1001_B1,0.23966236722306525,0.5103645461043602,2.847843955488113,6.741422444603288,31632,5596,2,0.24159542566534448
TissueArray__PR1921c_E7,PR1921c_E7,0.722738726214267,0.7902840456596761,2.938569814927448,7.175353213579919,34527,33903,3,0.2416888693455707
TissueArray__PR1921c_I13,PR1921c_I13,0.6349218674172571,0.5724934485101427,2.4501795593516453,5.85037367756964,51515,51515,2,0.24990721149179848
TissueArray__PR1921b_D16,PR1921b_D16,0.19773257752584195,0.19883195539319362,3.1646263040060973,7.904177081330514,41986,41608,2,0.2607689330077917
TissueArray__PR1921b_D4,PR1921b_D4,0.7615223254420138,0.810788133053641,3.0677554689841173,7.82109679352712,33370,33370,3,0.2678106083308361
TissueArray__PR1921c_J11,PR1921c_J11,0.7027676516709773,0.942467873653341,3.1161436164796448,7.372034295256909,49103,49103,2,0.2699727104250249
TissueArray__PR1921c_E10,PR1921c_E10,0.2225084283495587,0.4589109673444239,3.3852418652221674,6.4323398028342575,52798,25968,2,0.2742544502026429
TissueArray__PR1921b_I15,PR1921b_I15,0.1826508489439965,0.2531831537708129,3.4531436505809845,8.06898873653281,41051,32672,2,0.2868546718098991
TissueArray__PR1001_H9,PR1001_H9,0.21602691374365762,0.23539149147492136,2.3845687182881092,6.454036307454616,36264,36246,2,0.28950961137572573
TissueArray__PR1921b_D13,PR1921b_D13,0.12701000370507595,0.15909596146721008,3.4577497838705695,8.338495739162653,40485,40485,3,0.29806990243299997
TissueArray__PR1921c_J4,PR1921c_J4,0.7707966123554447,0.9786046221501419,3.101629336657925,6.730655272432399,46522,32063,3,0.30024868037311375
TissueArray__PR1921b_J16,PR1921b_J16,0.16552844702835817,0.5780609128196178,3.4860494046561223,7.813072693952352,39389,11459,2,0.3076520752788397
TissueArray__PR1921b_A10,PR1921b_A10,0.13795425927552785,0.011039854754165569,3.048434800433395,7.82459222817652,34149,34149,2,0.31749128817827754
TissueArray__PR1921c_A4,PR1921c_A4,0.7273250555053038,0.7110434997121947,2.4831839486884304,6.49765644272675,12161,12161,2,0.32804456870323156
TissueArray__PR1921b_C1,PR1921b_C1,0.07419026390379482,0.08448223671537466,3.0191804947852168,7.853077960318116,36339,36339,3,0.3295153966812515
TissueArray__PR1921c_B1,PR1921c_B1,0.7977299880525687,0.8700648444553887,2.673715651135006,6.844906837396372,25110,24366,3,0.333883225259241
TissueArray__PR1001_B7,PR1001_B7,0.7821016949152543,0.01894578313253012,2.9724474576271187,7.424668674698795,36875,33200,2,0.3447104231161936
TissueArray__PR1921c_J14,PR1921c_J14,0.7937047905646624,0.9573652828919086,2.8561709126932207,7.067475374292069,53501,53501,2,0.36810844657109215
TissueArray__PR1001_C8,PR1001_C8,0.08878003979794888,0.10747528776318205,3.1475330373998673,7.8727024830226275,39198,38139,2,0.36966723203759333
TissueArray__PR1921b_I4,PR1921b_I4,0.07949554362622968,0.08334831633832482,2.9108725245935325,7.915727018210772,38933,38933,2,0.37575501502581354
TissueArray__PR1001_I5,PR1001_I5,0.07227604512276045,0.08064773028935493,2.6444857332448573,7.328802760817627,37675,37670,2,0.4053684703310927
TissueArray__PR1921b_I16,PR1921b_I16,0.06986816880073844,0.07822300063903813,3.5833471397126697,8.198693522046815,42251,42251,2,0.40743958722870466
TissueArray__PR1001_J2,PR1001_J2,0.04856960482794638,0.05599651112080244,2.9697382928103058,7.740020351795319,34466,34395,2,0.407840456423735
TissueArray__PR1921c_D8,PR1921c_D8,0.8225447088747363,0.8335863714336416,2.7150856714711042,6.670919021235483,50717,50717,2,0.41052290159118243
TissueArray__PR1001_B9,PR1001_B9,0.030521418095382592,0.03745005816011733,2.8816062307186567,7.541040813230162,39546,39546,2,0.4333935164112679
TissueArray__PR1921c_H1,PR1921c_H1,0.08092975471940414,0.9996830427892235,3.131321433157827,3.4741679873217115,38935,3155,2,0.4648397428604747
