sample_id,source_id,direct_accuracy,concept_accuracy,pattern_mean_set_size,concept_mean_set_size,n_valid_pattern_pixels,n_valid_explanation_pixels,n_pattern_classes,selection_score,selected_for_main_fig7
TissueArray_concept_subset__PR633a_E6,PR633a_E6,0.44759297550747,0.4895078644093247,3.2483909485394764,7.9775517098990205,34337,26639,3,-0.0372083717638714,True
TissueArray_concept_subset__PR1921b_B11,PR1921b_B11,0.4454704664862283,0.4106185293336873,3.248527304569336,7.986726838332891,37686,37670,3,-0.0352639110701126,False
TissueArray_concept_subset__PR482a_E2,PR482a_E2,0.5122157386704477,0.5791444144689754,3.222255548890222,8.008286076088751,36674,36326,4,-0.0287283178521684,False
TissueArray_concept_subset__PR1921b_D2,PR1921b_D2,0.4023957409050577,0.3856460272892961,3.0705646102834727,7.758139993103788,42826,40602,3,0.0052640436442054,False
TissueArray_concept_subset__PR1001_C1,PR1001_C1,0.5061488673139158,0.2191841397354166,3.122268454307289,7.886980874820356,32445,27137,3,0.0132999879898002,False
TissueArray_concept_subset__PR1921c_E12,PR1921c_E12,0.452776202505542,0.5211695462312512,3.1867556838686397,7.723778784344571,38794,36869,2,0.0157708541733962,False
TissueArray_concept_subset__PR1921c_B7,PR1921c_B7,0.3977679741416965,0.4632764073371284,3.4144098890539007,7.61831752055661,45788,39525,3,0.0264420710093273,False
TissueArray_concept_subset__PR1001_G10,PR1001_G10,0.5111504131317877,0.6275128434219344,2.7113051648382016,7.387061648425285,36187,35816,3,0.0349569735697538,False
TissueArray_concept_subset__PR1921c_B5,PR1921c_B5,0.4811522194390835,0.2910386463509795,3.274134603539605,7.665817898065629,48706,48698,2,0.0488012456193551,False
TissueArray_concept_subset__PR1921c_J7,PR1921c_J7,0.5369204653959048,0.9730294944833056,3.01022032040174,6.859186077257759,56554,41601,3,0.0601455566668191,False
TissueArray_concept_subset__PR1921c_D11,PR1921c_D11,0.5066125553411284,0.2391020547167669,3.498240435917811,8.004767851061414,35236,35236,2,0.0766375297990691,False
TissueArray_concept_subset__PR482a_E1,PR482a_E1,0.5635479401702151,0.4444255944807306,3.373455481098199,8.1340797918964,35367,35367,3,0.0811677552520711,False
TissueArray_concept_subset__PR1921b_H12,PR1921b_H12,0.5769333511419794,0.342681001428464,3.0271136636837186,7.745770994662055,29948,26602,3,0.083102477796087,False
TissueArray_concept_subset__PR633a_D3,PR633a_D3,0.3308862406963029,0.4828301218833763,3.4613820311546752,8.147271531886917,49174,39546,3,0.0905144711876224,False
TissueArray_concept_subset__PR633a_E3,PR633a_E3,0.528743625405656,0.6285890164006508,3.361529059720993,8.024754869630216,47454,22743,2,0.0936998851871,False
TissueArray_concept_subset__PR1921c_G3,PR1921c_G3,0.5334149682454028,0.2462122784442323,3.0583620439168158,7.218919928604043,48182,48182,2,0.1013710514299945,False
TissueArray_concept_subset__PR1001_D3,PR1001_D3,0.3961871538296765,0.7547863294750123,2.5194773401878883,6.271161336332218,32679,18229,2,0.1076105258361635,False
TissueArray_concept_subset__PR1921b_D6,PR1921b_D6,0.5532758711860821,0.5400031727565967,3.2519697530537783,7.862540320448416,37822,37822,2,0.1161038548992649,False
TissueArray_concept_subset__PR1001_E3,PR1001_E3,0.3772566479629178,0.922808547754034,2.5033239814588923,4.27874691088821,32792,13758,3,0.1170354545609623,False
TissueArray_concept_subset__PR1921b_G9,PR1921b_G9,0.3405658573886446,0.4727272727272727,2.925030268272478,7.596631785480707,31386,30580,2,0.1205002961708421,False
TissueArray_concept_subset__PR1001_C6,PR1001_C6,0.5682606288428476,0.0704527829147527,3.197511437479966,7.962089124858319,34317,33526,2,0.1269193038448798,False
TissueArray_concept_subset__PR1921b_B12,PR1921b_B12,0.6270504649461917,0.6926392226517605,3.122061435586668,7.929866262668478,38284,38284,3,0.1333355971162887,False
TissueArray_concept_subset__PR1921c_C11,PR1921c_C11,0.6235973417583615,0.8146309530303857,3.336719686240331,7.927799901805685,36716,36662,3,0.138510131171861,False
TissueArray_concept_subset__PR1921c_A13,PR1921c_A13,0.5863457201273107,0.908892881203683,3.2360938389224967,7.529553110262745,47443,44530,2,0.1551984114789556,False
TissueArray_concept_subset__PR1921c_C14,PR1921c_C14,0.3097719408300787,0.2687838413335767,3.1105894732581905,7.3876214232118596,49417,49311,2,0.1568992096360117,False
TissueArray_concept_subset__PR1921c_E4,PR1921c_E4,0.6071485969592748,0.7671884542444795,3.077432419401498,7.717881135289769,31111,31111,2,0.1658882710295393,False
TissueArray_concept_subset__PR482a_A8,PR482a_A8,0.3018399367874478,0.0438819279828423,3.4808669150016933,8.11352861496783,35436,35436,2,0.1696653121119765,False
TissueArray_concept_subset__PR1921c_H14,PR1921c_H14,0.6165202108963093,0.532385365074293,2.59555839590989,6.113244927304681,31295,31295,3,0.17043297651382,False
TissueArray_concept_subset__PR1921c_F3,PR1921c_F3,0.6081936215807386,0.6256220222339862,3.4208748266733897,7.96363155108523,39665,37780,2,0.1757559836259696,False
TissueArray_concept_subset__PR633a_B1,PR633a_B1,0.2767547733913161,0.2686688863219406,2.9987769246449685,7.519942923150099,14717,14717,2,0.1828952911598831,False
TissueArray_concept_subset__PR1921b_F6,PR1921b_F6,0.6467871252614456,0.7440540217521214,3.0943818266325818,7.708886100155373,34424,33468,2,0.2063846763236413,False
TissueArray_concept_subset__PR633a_G4,PR633a_G4,0.6882086413597243,0.9303119968669772,3.6766752661131226,8.3111048257256,46127,45962,3,0.2214977485187611,False
TissueArray_concept_subset__PR1921c_D7,PR1921c_D7,0.6602724869518064,0.9375916669161004,3.3955127770622924,7.738543506240833,44259,33409,2,0.2313221279094814,False
TissueArray_concept_subset__PR1001_B1,PR1001_B1,0.2396623672230652,0.5103645461043602,2.847843955488113,6.741422444603288,31632,5596,2,0.2415954256653444,False
TissueArray_concept_subset__PR1921c_E7,PR1921c_E7,0.722738726214267,0.7902840456596761,2.938569814927448,7.175353213579919,34527,33903,3,0.2416888693455707,False
TissueArray_concept_subset__PR1921c_I13,PR1921c_I13,0.6349218674172571,0.5724934485101427,2.4501795593516453,5.85037367756964,51515,51515,2,0.2499072114917984,False
TissueArray_concept_subset__PR1921b_D16,PR1921b_D16,0.1977325775258419,0.1988319553931936,3.1646263040060973,7.904177081330514,41986,41608,2,0.2607689330077917,False
TissueArray_concept_subset__PR1921b_D4,PR1921b_D4,0.7615223254420138,0.810788133053641,3.0677554689841173,7.82109679352712,33370,33370,3,0.2678106083308361,False
TissueArray_concept_subset__PR1921c_J11,PR1921c_J11,0.7027676516709773,0.942467873653341,3.1161436164796448,7.372034295256909,49103,49103,2,0.2699727104250249,False
TissueArray_concept_subset__PR1921c_E10,PR1921c_E10,0.2225084283495587,0.4589109673444239,3.3852418652221674,6.4323398028342575,52798,25968,2,0.2742544502026429,False
TissueArray_concept_subset__PR1921b_I15,PR1921b_I15,0.1826508489439965,0.2531831537708129,3.4531436505809845,8.06898873653281,41051,32672,2,0.2868546718098991,False
TissueArray_concept_subset__PR1001_H9,PR1001_H9,0.2160269137436576,0.2353914914749213,2.384568718288109,6.454036307454616,36264,36246,2,0.2895096113757257,False
TissueArray_concept_subset__PR1921b_D13,PR1921b_D13,0.1270100037050759,0.15909596146721,3.457749783870569,8.338495739162653,40485,40485,3,0.2980699024329999,False
TissueArray_concept_subset__PR1921c_J4,PR1921c_J4,0.7707966123554447,0.978604622150142,3.101629336657925,6.730655272432399,46522,32063,3,0.3002486803731137,False
TissueArray_concept_subset__PR1921b_J16,PR1921b_J16,0.1655284470283581,0.5780609128196178,3.4860494046561223,7.813072693952352,39389,11459,2,0.3076520752788397,False
TissueArray_concept_subset__PR1921b_A10,PR1921b_A10,0.1379542592755278,0.0110398547541655,3.048434800433395,7.82459222817652,34149,34149,2,0.3174912881782775,False
TissueArray_concept_subset__PR1921c_A4,PR1921c_A4,0.7273250555053038,0.7110434997121947,2.4831839486884304,6.49765644272675,12161,12161,2,0.3280445687032315,False
TissueArray_concept_subset__PR1921b_C1,PR1921b_C1,0.0741902639037948,0.0844822367153746,3.0191804947852168,7.853077960318116,36339,36339,3,0.3295153966812515,False
TissueArray_concept_subset__PR1921c_B1,PR1921c_B1,0.7977299880525687,0.8700648444553887,2.673715651135006,6.844906837396372,25110,24366,3,0.333883225259241,False
TissueArray_concept_subset__PR1001_B7,PR1001_B7,0.7821016949152543,0.0189457831325301,2.9724474576271187,7.424668674698795,36875,33200,2,0.3447104231161936,False
TissueArray_concept_subset__PR1921c_J14,PR1921c_J14,0.7937047905646624,0.9573652828919086,2.8561709126932207,7.067475374292069,53501,53501,2,0.3681084465710921,False
TissueArray_concept_subset__PR1001_C8,PR1001_C8,0.0887800397979488,0.107475287763182,3.147533037399868,7.8727024830226275,39198,38139,2,0.3696672320375933,False
TissueArray_concept_subset__PR1921b_I4,PR1921b_I4,0.0794955436262296,0.0833483163383248,2.9108725245935325,7.915727018210772,38933,38933,2,0.3757550150258135,False
TissueArray_concept_subset__PR1001_I5,PR1001_I5,0.0722760451227604,0.0806477302893549,2.6444857332448573,7.328802760817627,37675,37670,2,0.4053684703310927,False
TissueArray_concept_subset__PR1921b_I16,PR1921b_I16,0.0698681688007384,0.0782230006390381,3.5833471397126697,8.198693522046815,42251,42251,2,0.4074395872287046,False
TissueArray_concept_subset__PR1001_J2,PR1001_J2,0.0485696048279463,0.0559965111208024,2.9697382928103058,7.740020351795319,34466,34395,2,0.407840456423735,False
TissueArray_concept_subset__PR1921c_D8,PR1921c_D8,0.8225447088747363,0.8335863714336416,2.715085671471104,6.670919021235483,50717,50717,2,0.4105229015911824,False
TissueArray_concept_subset__PR1001_B9,PR1001_B9,0.0305214180953825,0.0374500581601173,2.8816062307186567,7.541040813230162,39546,39546,2,0.4333935164112679,False
TissueArray_concept_subset__PR1921c_H1,PR1921c_H1,0.0809297547194041,0.9996830427892236,3.131321433157827,3.4741679873217115,38935,3155,2,0.4648397428604747,False
